{
    "Araceli_A6_s2_w1_z0_1020e47f-73ff-427f-b5aa-44d2915e9068": {
        "overall": {
            "IoU": 0.2000081589097979,
            "Dice": 0.3333446650754515
        },
        "per_class": {
            "1": {
                "IoU": 0.2000081589097979,
                "Dice": 0.3333446650754515
            }
        }
    },
    "Araceli_A7_s4_w1_z0_af3998a3-849c-47fe-9274-382f3879f87c": {
        "overall": {
            "IoU": 0.08008174925217616,
            "Dice": 0.14828831115352692
        },
        "per_class": {
            "0": {
                "IoU": 0.08008174925217616,
                "Dice": 0.14828831115352692
            }
        }
    }
}